Date,City,PM2.5,PM10,CO,NO2,Ozone,Temperature,AQI_Level
2024-01-01,Beijing,87.31,433.88,9.53,127.96,161.12,42.76,Moderate
2024-01-01,London,87.31,384.39,3.14,59.79,118.5,31.54,Moderate
2024-01-01,Tokyo,299.67,384.39,7.27,198.59,88.41,47.26,Moderate
2024-01-01,Paris,299.67,477.13,0.19,152.41,71.05,35.51,Hazardous
2024-01-01,Mexico City,258.8,402.74,10.48,20.22,71.05,11.27,Moderate
2024-01-01,Moscow,107.62,136.92,10.21,124.41,228.65,21.68,Moderate
2024-01-02,New York,65.07,443.72,11.46,51.0,243.5,47.61,Very Unhealthy
2024-01-02,Delhi,260.48,66.63,13.42,55.04,118.2,7.14,Hazardous
2024-01-02,Beijing,190.22,410.95,2.45,7.93,105.01,38.23,Hazardous
2024-01-02,London,179.17,262.64,7.61,,14.06,19.54,Hazardous
2024-01-02,Tokyo,71.46,262.64,10.44,79.73,127.73,-2.15,Moderate
2024-01-02,Paris,294.19,33.0,12.81,155.03,219.28,11.81,Moderate
2024-01-02,Mexico City,67.07,57.27,6.24,129.16,219.28,999.0,Moderate
2024-01-02,Cairo,138.93,450.41,13.15,92.0,219.28,7.08,Very Unhealthy
2024-01-02,Moscow,98.06,73.22,0.99,104.97,128.26,3.57,Unhealthy
2024-01-03,New York,116.96,356.18,9.23,122.52,35.23,35.39,Good
2024-01-03,Delhi,41.89,24.8,13.28,74.7,186.52,15.47,Good
2024-01-03,Beijing,113.63,296.37,0.16,184.84,212.97,22.3,Good
2024-01-03,Tokyo,290.02,478.76,9.42,184.79,71.75,43.81,Good
2024-01-03,Sydney,46.14,214.1,2.21,,67.68,44.31,Good
2024-01-03,Paris,46.14,214.1,12.17,191.98,135.12,13.97,Good
2024-01-03,Cairo,103.26,139.5,8.34,164.13,59.97,37.32,Very Unhealthy
2024-01-03,Moscow,292.68,139.5,3.27,51.98,24.93,22.58,Unhealthy
2024-01-04,New York,292.68,474.41,2.24,187.46,24.93,35.18,Very Unhealthy
2024-01-04,Delhi,257.22,400.0,12.14,17.11,159.45,39.6,Very Unhealthy
2024-01-04,Beijing,257.22,198.0,7.57,115.26,159.45,48.64,Hazardous
2024-01-04,London,207.94,491.16,8.99,143.42,101.66,44.56,Hazardous
2024-01-04,Tokyo,207.94,480.86,8.71,13.49,186.68,19.82,Moderate
2024-01-04,Sydney,102.01,34.71,7.88,107.25,141.14,13.33,Moderate
2024-01-04,Paris,102.01,360.78,1.81,,98.61,42.49,Moderate
2024-01-04,Mexico City,97.07,469.18,4.53,182.77,243.25,39.42,Moderate
2024-01-04,Moscow,216.74,371.27,2.54,164.16,167.19,-2.95,Good
2024-01-05,New York,264.12,371.27,0.55,36.12,230.76,24.21,Good
2024-01-05,Beijing,218.83,414.17,5.46,,145.7,16.9,Good
2024-01-05,London,185.68,456.75,12.36,29.09,49.56,999.0,Good
2024-01-05,Tokyo,246.29,102.22,2.56,85.97,240.13,40.46,Hazardous
2024-01-05,Sydney,148.79,102.22,9.43,91.2,59.93,27.76,Good
2024-01-05,Paris,20.94,476.81,4.3,71.59,216.74,29.28,Hazardous
2024-01-05,Mexico City,20.94,195.81,2.18,177.4,216.74,-9.03,Moderate
2024-01-05,Cairo,268.81,156.52,4.03,101.19,216.74,25.0,Moderate
2024-01-05,Moscow,162.21,313.67,1.36,95.39,202.06,41.93,Moderate
2024-01-06,New York,170.13,98.76,6.71,,39.49,21.91,Very Unhealthy
2024-01-06,Delhi,278.39,244.39,9.4,93.66,68.26,999.0,Moderate
2024-01-06,Beijing,278.39,415.1,14.7,67.29,68.26,37.31,Good
2024-01-06,London,278.39,373.66,3.9,129.14,171.47,28.76,Hazardous
2024-01-06,Sydney,293.52,358.61,5.95,83.39,105.04,12.43,Very Unhealthy
2024-01-06,Mexico City,32.75,224.23,0.87,42.84,101.32,3.25,Very Unhealthy
2024-01-06,Cairo,194.52,275.55,13.78,7.14,202.7,-1.46,Very Unhealthy
2024-01-06,Moscow,150.33,399.78,0.49,,79.5,41.69,Hazardous
2024-01-07,New York,75.2,338.22,7.65,,197.7,46.3,Unhealthy
2024-01-07,Delhi,75.2,337.64,13.42,60.26,62.18,0.15,Very Unhealthy
2024-01-07,Beijing,176.61,93.38,14.01,183.35,86.06,45.48,Unhealthy
2024-01-07,London,176.61,157.2,12.7,35.67,220.06,999.0,Very Unhealthy
2024-01-07,Tokyo,162.6,15.35,12.88,24.07,220.06,999.0,Very Unhealthy
2024-01-07,Paris,167.15,492.19,1.04,108.83,20.29,27.95,Moderate
2024-01-07,Mexico City,268.18,492.19,10.44,170.52,174.65,999.0,Moderate
2024-01-07,Cairo,215.63,279.15,6.83,187.95,174.65,41.56,Good
2024-01-07,Moscow,288.03,355.81,13.64,13.76,117.57,2.47,Moderate
2024-01-08,New York,125.5,307.07,11.92,155.65,158.65,999.0,Unhealthy
2024-01-08,Delhi,125.5,163.75,0.42,60.17,71.17,-9.12,Very Unhealthy
2024-01-08,Beijing,261.8,478.93,0.21,150.96,212.59,37.75,Very Unhealthy
2024-01-08,London,279.0,342.76,14.11,63.21,213.13,1.26,Hazardous
2024-01-08,Tokyo,298.54,147.5,3.91,,40.35,1.6,Good
2024-01-08,Sydney,209.07,331.18,1.72,19.11,84.58,49.82,Very Unhealthy
2024-01-08,Paris,291.7,205.03,5.6,43.68,212.64,999.0,Very Unhealthy
2024-01-08,Mexico City,291.7,36.68,2.38,122.57,133.43,999.0,Hazardous
2024-01-08,Cairo,240.81,24.35,0.54,130.61,91.14,2.8,Very Unhealthy
2024-01-08,Moscow,240.81,303.15,7.41,32.38,178.01,37.89,Hazardous
2024-01-09,New York,249.85,56.34,3.2,32.31,84.04,0.99,Moderate
2024-01-09,Delhi,167.81,249.72,9.11,172.97,154.45,29.54,Moderate
2024-01-09,Beijing,18.73,82.91,0.56,141.87,93.52,11.59,Moderate
2024-01-09,London,39.01,417.61,12.67,75.25,206.08,13.12,Good
2024-01-09,Tokyo,39.01,369.05,4.96,153.37,236.68,2.89,Hazardous
2024-01-09,Sydney,196.42,94.77,8.05,39.24,194.6,999.0,Hazardous
2024-01-09,Paris,272.73,63.67,12.67,52.83,43.02,999.0,Good
2024-01-09,Mexico City,272.73,34.96,6.03,71.28,60.4,16.99,Moderate
2024-01-09,Cairo,279.25,14.38,14.79,64.11,60.4,30.66,Hazardous
2024-01-10,New York,201.51,221.26,0.33,108.3,183.27,9.56,Very Unhealthy
2024-01-10,Delhi,7.32,476.59,5.85,51.13,106.19,18.15,Moderate
2024-01-10,Beijing,74.53,416.61,10.53,158.4,210.79,15.91,Hazardous
2024-01-10,Tokyo,158.07,384.74,2.35,138.4,41.64,4.32,Very Unhealthy
2024-01-10,Sydney,246.46,461.14,1.45,57.05,111.96,13.01,Moderate
2024-01-10,Paris,246.46,194.11,2.9,,220.59,30.22,Unhealthy
2024-01-10,Mexico City,79.91,171.24,12.97,21.91,56.18,6.2,Good
2024-01-10,Cairo,148.17,238.13,10.02,188.5,188.82,31.64,Good
2024-01-10,Moscow,251.97,451.23,11.09,190.03,141.9,44.39,Unhealthy
2024-01-11,New York,82.7,60.21,5.23,152.3,193.89,48.84,Moderate
2024-01-11,Delhi,286.97,60.21,10.35,136.08,103.29,999.0,Moderate
2024-01-11,Tokyo,87.16,214.03,8.97,55.57,11.31,13.93,Very Unhealthy
2024-01-11,Sydney,87.16,214.03,0.78,,94.13,15.69,Very Unhealthy
2024-01-11,Paris,145.94,384.39,11.98,8.77,124.02,4.06,Unhealthy
2024-01-11,Mexico City,183.91,196.46,4.6,181.55,218.02,30.03,Unhealthy
2024-01-11,Moscow,288.63,196.46,3.37,37.04,146.93,-8.05,Moderate
2024-01-12,New York,288.63,402.92,2.45,149.77,183.89,40.36,Hazardous
2024-01-12,Delhi,11.15,39.15,0.93,97.77,230.88,-9.76,Unhealthy
2024-01-12,Beijing,164.15,39.15,11.49,186.28,39.53,36.33,Very Unhealthy
2024-01-12,London,197.1,39.15,1.16,10.65,53.17,-8.37,Moderate
2024-01-12,Tokyo,141.19,196.52,8.61,82.8,173.29,999.0,Moderate
2024-01-12,Sydney,106.74,490.81,3.13,144.7,126.38,999.0,Moderate
2024-01-12,Paris,38.02,75.95,9.8,98.94,211.91,30.99,Hazardous
2024-01-12,Mexico City,38.02,369.11,8.59,31.52,86.94,2.3,Hazardous
2024-01-12,Cairo,141.81,367.32,5.52,,86.94,18.14,Hazardous
2024-01-12,Moscow,278.89,367.32,4.5,126.71,46.89,14.83,Hazardous
2024-01-13,Delhi,218.41,474.32,1.51,146.47,164.38,-1.09,Unhealthy
2024-01-13,Beijing,66.11,38.54,12.5,75.21,160.97,1.34,Unhealthy
2024-01-13,London,66.11,446.62,11.83,7.64,160.97,999.0,Moderate
2024-01-13,Tokyo,68.87,422.43,12.65,,197.48,-8.0,Very Unhealthy
2024-01-13,Sydney,31.72,22.5,10.23,164.36,110.85,9.85,Unhealthy
2024-01-13,Paris,270.34,212.35,3.52,106.82,110.24,48.42,Hazardous
2024-01-13,Mexico City,175.64,57.31,2.44,144.53,110.24,999.0,Hazardous
2024-01-13,Cairo,175.64,57.31,6.52,195.92,204.67,999.0,Very Unhealthy
2024-01-13,Moscow,54.6,468.59,10.87,9.3,65.78,48.68,Moderate
2024-01-14,New York,243.93,492.88,2.25,166.19,158.68,-7.29,Moderate
2024-01-14,Delhi,243.93,84.23,6.44,189.5,158.68,1.95,Very Unhealthy
2024-01-14,Beijing,243.93,440.03,3.39,13.99,158.68,999.0,Unhealthy
2024-01-14,London,287.14,302.0,9.29,10.65,34.29,33.15,Very Unhealthy
2024-01-14,Tokyo,214.43,481.93,4.43,,234.55,999.0,Unhealthy
2024-01-14,Sydney,246.25,465.08,0.72,17.73,193.23,40.31,Moderate
2024-01-14,Paris,16.68,230.02,3.6,117.61,74.73,38.01,Moderate
2024-01-14,Mexico City,196.89,475.62,7.34,122.48,76.83,3.47,Very Unhealthy
2024-01-14,Cairo,109.09,399.9,4.34,171.17,218.92,-6.97,Moderate
2024-01-15,New York,98.11,394.58,7.32,172.74,109.67,3.19,Hazardous
2024-01-15,Delhi,152.42,47.41,4.53,65.73,205.63,19.55,Good
2024-01-15,Beijing,183.76,423.09,12.54,19.82,69.43,26.33,Unhealthy
2024-01-15,London,279.43,428.03,9.21,101.43,27.28,11.93,Unhealthy
2024-01-15,Tokyo,247.91,412.76,6.46,175.67,208.99,42.59,Very Unhealthy
2024-01-15,Sydney,142.19,26.66,0.58,35.55,200.21,-3.42,Very Unhealthy
2024-01-15,Mexico City,19.4,223.49,4.71,,46.34,-0.14,Unhealthy
2024-01-15,Cairo,19.4,72.97,4.77,99.32,215.5,999.0,Very Unhealthy
2024-01-15,Moscow,113.85,72.97,0.45,168.39,238.78,-6.51,Good
2024-01-16,New York,106.81,290.65,6.82,27.22,72.54,40.28,Good
2024-01-16,Delhi,119.31,77.82,1.58,,163.65,38.45,Hazardous
2024-01-16,Tokyo,276.2,257.93,14.63,104.41,229.47,999.0,Unhealthy
2024-01-16,Sydney,56.48,277.84,9.69,59.6,170.49,999.0,Good
2024-01-16,Paris,140.83,55.66,6.2,116.96,65.43,31.22,Unhealthy
2024-01-16,Mexico City,283.53,55.66,4.8,90.76,111.45,20.52,Hazardous
2024-01-16,Cairo,167.14,63.87,13.95,102.1,130.64,-3.71,Hazardous
2024-01-16,Moscow,167.14,480.08,1.98,,11.33,7.86,Good
2024-01-17,New York,263.88,434.26,7.46,148.77,47.82,16.98,Moderate
2024-01-17,Delhi,263.88,181.06,1.15,172.82,109.33,-5.73,Moderate
2024-01-17,Beijing,255.27,490.55,9.77,12.15,72.52,45.52,Moderate
2024-01-17,Tokyo,133.66,379.55,11.04,173.8,113.9,-8.44,Good
2024-01-17,Sydney,263.69,287.55,8.12,,94.3,11.99,Hazardous
2024-01-17,Mexico City,93.19,278.99,5.08,81.33,167.82,-2.73,Hazardous
2024-01-17,Cairo,10.56,278.99,14.49,73.01,193.43,21.54,Unhealthy
2024-01-17,Moscow,237.74,160.51,7.17,133.54,104.14,-7.27,Unhealthy
2024-01-18,New York,237.74,29.09,14.68,147.88,240.9,33.86,Good
2024-01-18,Delhi,139.83,27.56,0.7,,47.44,-5.53,Unhealthy
2024-01-18,Beijing,101.13,494.79,6.31,177.17,183.24,48.25,Moderate
2024-01-18,London,70.16,215.84,9.7,105.41,71.8,35.17,Very Unhealthy
2024-01-18,Sydney,70.16,384.83,4.44,196.63,153.85,14.77,Moderate
2024-01-18,Paris,138.26,384.83,3.06,,70.27,21.52,Hazardous
2024-01-18,Mexico City,279.0,333.36,12.0,,29.59,-6.92,Unhealthy
2024-01-18,Cairo,279.0,309.38,9.3,147.46,27.83,43.74,Unhealthy
2024-01-19,Delhi,200.57,404.14,10.84,,20.99,46.42,Unhealthy
2024-01-19,Beijing,109.32,24.05,2.35,97.56,64.1,20.44,Very Unhealthy
2024-01-19,London,109.32,24.05,14.88,,190.07,36.61,Very Unhealthy
2024-01-19,Sydney,24.28,479.81,7.63,72.39,171.99,43.09,Moderate
2024-01-19,Paris,24.28,298.72,12.62,38.22,176.56,11.88,Hazardous
2024-01-19,Mexico City,39.72,298.72,6.8,158.96,231.83,999.0,Hazardous
2024-01-19,Cairo,276.98,298.72,6.06,6.52,231.83,-6.21,Good
2024-01-19,Moscow,9.5,377.48,9.67,96.42,231.83,13.44,Moderate
2024-01-20,New York,75.97,377.48,2.65,,18.05,19.68,Moderate
2024-01-20,Delhi,75.97,334.46,4.7,104.95,127.33,1.18,Very Unhealthy
2024-01-20,Beijing,60.12,246.3,3.38,164.52,232.75,16.2,Good
2024-01-20,London,60.12,411.95,6.66,195.01,128.04,3.65,Good
2024-01-20,Sydney,43.6,309.81,14.03,171.38,46.43,-3.52,Good
2024-01-20,Cairo,99.77,65.55,10.35,188.01,34.58,6.5,Good
2024-01-20,Moscow,121.86,475.32,11.66,170.74,151.8,35.01,Hazardous
2024-01-21,New York,295.53,64.87,3.9,73.56,147.37,43.67,Moderate
2024-01-21,Beijing,202.56,372.17,13.22,,38.71,29.87,Very Unhealthy
2024-01-21,London,20.11,167.57,1.68,195.0,248.12,-6.74,Very Unhealthy
2024-01-21,Tokyo,18.25,453.56,2.94,42.19,216.51,999.0,Very Unhealthy
2024-01-21,Sydney,37.35,334.04,2.98,90.88,11.79,3.05,Unhealthy
2024-01-21,Paris,105.58,196.75,2.14,109.56,11.79,-5.94,Very Unhealthy
2024-01-21,Mexico City,105.58,235.9,0.81,112.38,13.18,13.98,Very Unhealthy
2024-01-21,Moscow,105.58,442.53,6.89,,126.54,2.25,Moderate
2024-01-22,Delhi,232.12,409.68,3.32,54.78,242.49,49.91,Unhealthy
2024-01-22,London,169.17,15.99,10.26,33.56,68.23,10.73,Very Unhealthy
2024-01-22,Tokyo,296.24,260.53,8.76,99.0,11.57,28.7,Very Unhealthy
2024-01-22,Sydney,297.24,497.6,5.33,76.83,16.92,44.04,Unhealthy
2024-01-22,Paris,19.27,314.67,10.74,172.82,239.75,999.0,Hazardous
2024-01-22,Mexico City,248.33,433.79,11.39,,30.24,21.47,Unhealthy
2024-01-22,Cairo,144.52,104.82,1.93,69.27,227.2,25.27,Very Unhealthy
2024-01-22,Moscow,84.74,105.75,1.32,119.17,216.11,30.53,Moderate
2024-01-23,Delhi,50.14,118.87,9.31,118.06,129.54,-4.88,Moderate
2024-01-23,Beijing,50.14,122.18,8.77,,204.06,999.0,Moderate
2024-01-23,London,257.81,86.37,5.28,46.76,206.46,999.0,Good
2024-01-23,Tokyo,146.09,91.26,4.76,89.55,226.37,24.51,Very Unhealthy
2024-01-23,Sydney,29.71,185.0,7.61,61.73,58.91,20.6,Very Unhealthy
2024-01-23,Paris,29.71,456.29,10.78,,180.05,-0.17,Moderate
2024-01-23,Mexico City,67.77,32.25,11.7,139.36,113.64,-4.29,Very Unhealthy
2024-01-23,Moscow,197.42,378.88,1.02,52.85,140.43,32.13,Very Unhealthy
2024-01-24,New York,197.42,378.88,7.43,,199.77,22.95,Good
2024-01-24,Delhi,15.79,11.92,9.62,115.22,96.27,34.58,Good
2024-01-24,Beijing,224.7,365.69,13.03,147.68,41.34,-1.12,Very Unhealthy
2024-01-24,London,243.56,365.69,12.79,172.91,145.36,999.0,Very Unhealthy
2024-01-24,Sydney,32.21,477.12,8.42,189.67,167.81,-4.45,Very Unhealthy
2024-01-24,Paris,32.21,250.29,5.56,167.48,238.11,999.0,Good
2024-01-24,Mexico City,64.39,144.32,14.16,79.62,238.11,43.05,Good
2024-01-24,Cairo,136.59,101.07,6.81,180.55,174.67,29.03,Moderate
2024-01-24,Moscow,136.59,101.07,14.5,156.76,174.67,4.05,Good
2024-01-25,New York,209.57,142.72,9.32,47.24,207.1,22.38,Unhealthy
2024-01-25,Delhi,147.1,225.53,5.91,114.34,202.78,25.65,Hazardous
2024-01-25,Beijing,282.09,224.46,0.35,95.28,11.98,27.58,Moderate
2024-01-25,London,64.39,370.31,2.93,110.07,133.1,999.0,Moderate
2024-01-25,Tokyo,109.75,398.02,12.54,40.75,34.86,6.36,Moderate
2024-01-25,Sydney,108.82,398.02,3.39,17.12,61.88,33.21,Hazardous
2024-01-25,Paris,268.56,30.66,8.0,69.55,118.3,-3.68,Very Unhealthy
2024-01-25,Mexico City,13.38,65.18,7.13,150.41,66.86,-4.47,Moderate
2024-01-25,Cairo,123.89,496.2,3.02,,39.48,39.37,Hazardous
2024-01-25,Moscow,227.01,427.47,0.2,68.12,230.85,-5.4,Moderate
2024-01-26,New York,148.82,150.6,7.49,38.85,226.01,-6.58,Good
2024-01-26,Delhi,170.65,239.49,6.56,70.22,237.83,11.33,Unhealthy
2024-01-26,Beijing,61.16,239.49,4.62,133.5,64.13,7.52,Unhealthy
2024-01-26,London,245.96,238.23,5.77,181.58,106.14,18.74,Unhealthy
2024-01-26,Tokyo,86.11,142.46,13.04,147.85,60.79,46.95,Unhealthy
2024-01-26,Sydney,268.49,142.46,12.1,104.32,92.76,43.59,Very Unhealthy
2024-01-26,Paris,68.76,303.24,8.98,34.42,52.37,36.53,Moderate
2024-01-26,Mexico City,53.03,292.7,6.91,22.25,225.25,999.0,Good
2024-01-26,Cairo,58.41,243.92,1.36,,79.94,15.99,Unhealthy
2024-01-27,New York,157.86,213.3,7.81,,247.36,-7.1,Good
2024-01-27,Delhi,17.41,373.83,11.83,12.0,180.24,34.89,Moderate
2024-01-27,Beijing,110.74,293.68,4.46,52.79,81.49,-1.85,Moderate
2024-01-27,Tokyo,105.15,384.11,4.4,,91.44,43.68,Unhealthy
2024-01-27,Sydney,105.15,398.51,12.35,68.81,108.11,-4.23,Very Unhealthy
2024-01-27,Paris,110.71,107.72,10.38,146.53,108.11,-7.32,Very Unhealthy
2024-01-27,Mexico City,131.38,76.58,2.2,182.43,108.11,999.0,Unhealthy
2024-01-27,Cairo,131.38,422.91,10.15,,108.11,24.24,Good
2024-01-27,Moscow,215.59,422.91,11.32,104.92,152.37,6.47,Moderate
2024-01-28,New York,238.23,348.26,12.3,91.03,76.73,49.89,Unhealthy
2024-01-28,Delhi,204.16,330.06,2.74,165.58,183.72,-1.66,Unhealthy
2024-01-28,Beijing,204.16,14.49,9.98,62.49,176.94,25.82,Hazardous
2024-01-28,London,204.16,479.43,2.68,181.57,65.26,31.56,Hazardous
2024-01-28,Sydney,57.55,142.1,9.2,190.72,87.08,36.49,Very Unhealthy
2024-01-28,Paris,141.63,268.49,7.04,55.91,249.16,34.11,Very Unhealthy
2024-01-28,Moscow,111.25,224.95,10.96,137.19,14.52,8.66,Hazardous
2024-01-29,New York,169.06,224.95,5.97,166.73,14.52,-3.35,Good
2024-01-29,Delhi,57.51,181.4,2.81,,103.99,37.26,Good
2024-01-29,Beijing,234.5,453.07,0.38,96.58,184.13,999.0,Unhealthy
2024-01-29,London,234.5,203.43,8.34,121.22,131.59,9.9,Unhealthy
2024-01-29,Tokyo,234.5,312.25,2.53,182.96,131.59,7.63,Unhealthy
2024-01-29,Sydney,162.64,312.25,6.28,,131.59,-8.92,Moderate
2024-01-29,Paris,74.99,127.26,8.49,114.55,141.92,27.55,Unhealthy
2024-01-29,Mexico City,74.99,492.32,10.96,140.14,140.31,30.82,Unhealthy
2024-01-29,Cairo,217.89,123.99,11.55,9.19,188.25,6.95,Good
2024-01-29,Moscow,299.84,488.5,0.87,187.88,10.15,-9.25,Unhealthy
2024-01-30,Delhi,13.96,64.52,0.47,,82.54,41.99,Hazardous
2024-01-30,Beijing,273.31,446.08,6.34,68.3,70.98,2.52,Hazardous
2024-01-30,Tokyo,186.48,144.2,6.32,129.19,119.21,12.7,Good
2024-01-30,Sydney,200.02,144.2,13.71,28.87,157.5,15.81,Very Unhealthy
2024-01-30,Paris,197.87,144.2,9.68,69.19,31.73,49.98,Moderate
2024-01-30,Mexico City,197.87,144.2,8.59,119.53,75.72,27.71,Unhealthy
2024-01-30,Cairo,197.87,260.52,8.35,39.42,243.66,31.72,Unhealthy
2024-01-30,Moscow,197.87,170.87,7.8,32.19,104.01,11.11,Unhealthy
2024-01-31,New York,15.58,170.87,5.05,117.1,211.88,19.87,Good
2024-01-31,Delhi,99.35,455.26,3.15,93.8,184.89,49.1,Moderate
2024-01-31,Beijing,99.35,455.26,10.72,180.38,42.94,19.4,Unhealthy
2024-01-31,London,99.35,125.82,1.77,84.72,45.85,999.0,Hazardous
2024-01-31,Tokyo,99.35,125.82,14.22,37.79,187.94,-6.28,Good
2024-01-31,Sydney,279.26,169.29,5.26,74.97,141.17,36.7,Good
2024-01-31,Paris,87.68,210.5,13.59,99.53,46.64,28.06,Unhealthy
2024-01-31,Cairo,247.46,305.7,10.13,,137.23,12.09,Unhealthy
2024-02-01,Delhi,225.86,303.01,9.22,178.9,131.08,44.79,Unhealthy
2024-02-01,Beijing,225.86,447.54,12.16,22.15,12.06,23.35,Good
2024-02-01,Tokyo,14.69,447.54,3.19,81.91,96.5,999.0,Good
2024-02-01,Sydney,183.18,447.54,6.44,139.24,138.09,999.0,Unhealthy
2024-02-01,Paris,121.23,348.21,5.52,125.12,12.27,-4.0,Hazardous
2024-02-01,Mexico City,142.87,259.25,11.45,190.38,12.27,10.69,Hazardous
2024-02-01,Cairo,142.87,494.19,7.11,145.95,123.99,35.99,Unhealthy
2024-02-01,Moscow,80.69,473.11,12.93,42.47,94.17,-8.89,Moderate
2024-02-02,New York,80.69,282.52,8.73,116.59,195.36,10.92,Moderate
2024-02-02,Delhi,182.13,282.52,3.91,173.94,249.7,999.0,Hazardous
2024-02-02,Beijing,156.25,211.86,5.07,69.43,161.85,3.95,Very Unhealthy
2024-02-02,London,100.23,243.33,7.93,80.45,128.39,999.0,Unhealthy
2024-02-02,Tokyo,100.23,160.83,14.55,,245.87,999.0,Good
2024-02-02,Paris,36.96,42.67,14.98,193.87,144.16,31.67,Unhealthy
2024-02-02,Mexico City,181.82,373.62,1.71,32.74,144.16,5.72,Moderate
2024-02-02,Cairo,8.35,343.94,1.47,135.11,144.16,46.42,Hazardous
2024-02-02,Moscow,8.35,260.49,1.99,101.21,218.36,38.92,Hazardous
2024-02-03,New York,32.22,53.45,0.36,48.54,220.9,47.58,Hazardous
2024-02-03,Delhi,253.01,450.93,6.21,47.58,136.76,999.0,Hazardous
2024-02-03,Beijing,196.98,472.3,7.24,,53.15,44.29,Hazardous
2024-02-03,London,196.68,135.23,10.77,43.74,181.7,19.07,Very Unhealthy
2024-02-03,Sydney,64.84,308.02,11.84,79.8,83.49,14.4,Moderate
2024-02-03,Paris,64.84,308.02,1.25,118.15,83.49,1.0,Good
2024-02-03,Mexico City,144.17,298.38,2.15,84.5,83.49,2.29,Hazardous
2024-02-03,Cairo,81.09,280.28,9.73,132.34,104.47,-7.77,Hazardous
2024-02-03,Moscow,43.27,302.97,8.11,112.25,68.48,-2.4,Hazardous
2024-02-04,Delhi,184.37,436.85,13.08,114.69,75.42,27.5,Hazardous
2024-02-04,Beijing,109.65,387.04,5.62,73.46,107.14,999.0,Very Unhealthy
2024-02-04,London,200.16,347.47,4.45,147.93,38.45,24.87,Hazardous
2024-02-04,Tokyo,109.57,304.43,3.72,10.15,196.8,21.01,Hazardous
2024-02-04,Sydney,268.06,316.49,11.31,31.01,109.44,26.66,Moderate
2024-02-04,Paris,35.87,207.48,12.62,154.97,109.44,49.07,Moderate
2024-02-04,Cairo,111.47,469.71,1.17,108.57,60.79,33.11,Good
2024-02-04,Moscow,111.47,75.88,14.35,,142.4,6.39,Unhealthy
2024-02-05,New York,229.03,203.81,11.43,,206.33,999.0,Moderate
2024-02-05,Delhi,151.91,203.81,10.93,,13.59,15.98,Moderate
2024-02-05,Beijing,151.91,460.64,9.07,6.41,29.73,-9.02,Hazardous
2024-02-05,London,127.74,70.51,14.44,,140.78,2.91,Hazardous
2024-02-05,Tokyo,127.74,256.23,14.67,67.68,61.89,37.54,Moderate
2024-02-05,Sydney,39.17,209.91,0.41,19.24,11.41,49.33,Hazardous
2024-02-05,Paris,238.49,34.54,11.66,7.66,81.71,999.0,Hazardous
2024-02-05,Cairo,154.31,254.1,4.44,34.97,144.09,34.57,Hazardous
2024-02-05,Moscow,111.75,61.12,5.02,46.16,12.75,20.41,Moderate
2024-02-06,New York,135.81,193.2,6.29,185.07,72.37,43.57,Unhealthy
2024-02-06,Delhi,292.35,488.57,2.73,39.96,143.66,3.94,Good
2024-02-06,Beijing,265.56,350.33,12.21,95.57,34.59,45.29,Good
2024-02-06,London,154.04,361.42,10.63,147.36,34.59,33.95,Good
2024-02-06,Tokyo,233.02,361.42,14.75,141.65,202.55,39.07,Moderate
2024-02-06,Sydney,66.99,281.6,14.24,127.33,21.02,0.26,Unhealthy
2024-02-06,Paris,277.94,106.6,4.17,186.91,189.46,13.52,Unhealthy
2024-02-06,Mexico City,258.39,106.6,10.26,99.96,22.69,-8.23,Moderate
2024-02-06,Cairo,230.47,221.36,4.08,,228.34,4.9,Good
2024-02-07,New York,44.27,469.43,3.64,72.83,145.66,25.2,Hazardous
2024-02-07,Delhi,264.37,469.43,13.91,160.42,230.78,25.55,Good
2024-02-07,Beijing,15.17,205.14,9.33,,49.31,-1.96,Moderate
2024-02-07,Sydney,65.97,455.01,3.38,77.85,52.85,10.33,Very Unhealthy
2024-02-07,Paris,159.05,455.01,0.43,67.46,73.19,33.46,Unhealthy
2024-02-07,Mexico City,181.84,251.72,1.22,25.68,122.54,-5.37,Hazardous
2024-02-08,New York,72.45,85.79,5.89,141.98,238.98,29.08,Hazardous
2024-02-08,Delhi,229.18,367.67,11.32,184.77,238.98,16.67,Hazardous
2024-02-08,Beijing,137.04,464.54,9.17,,234.78,8.04,Hazardous
2024-02-08,London,239.35,19.12,3.51,,37.54,999.0,Good
2024-02-08,Tokyo,258.32,19.12,14.37,93.59,37.54,11.24,Good
2024-02-08,Sydney,258.32,330.01,1.38,134.52,81.46,45.35,Very Unhealthy
2024-02-08,Mexico City,118.08,482.66,2.13,116.1,41.94,31.84,Unhealthy
2024-02-08,Cairo,83.88,374.84,7.63,197.9,41.94,22.17,Very Unhealthy
2024-02-08,Moscow,148.83,402.39,3.74,,118.83,999.0,Good
2024-02-09,New York,203.07,119.6,0.8,,24.44,8.91,Hazardous
2024-02-09,Delhi,105.83,440.99,0.91,124.66,64.05,24.91,Hazardous
2024-02-09,Beijing,105.83,148.68,8.62,,141.6,999.0,Good
2024-02-09,London,295.9,261.9,14.69,157.36,50.55,37.11,Moderate
2024-02-09,Tokyo,10.56,358.64,11.19,62.03,76.79,48.39,Hazardous
2024-02-09,Sydney,151.28,400.66,10.74,171.62,80.17,31.0,Very Unhealthy
2024-02-09,Paris,84.39,229.36,0.14,38.99,198.02,14.35,Moderate
2024-02-09,Mexico City,262.89,371.06,9.98,87.77,190.38,41.47,Very Unhealthy
2024-02-09,Cairo,297.51,197.47,13.59,7.61,229.85,999.0,Hazardous
2024-02-09,Moscow,83.38,407.83,3.95,97.67,17.26,48.49,Moderate
2024-02-10,Delhi,232.05,356.4,8.9,37.15,112.86,45.89,Good
2024-02-10,Beijing,207.15,35.58,7.11,164.36,91.7,31.92,Good
2024-02-10,London,139.56,214.66,12.67,133.09,63.15,48.71,Good
2024-02-10,Sydney,28.93,58.49,6.53,174.32,222.53,29.36,Unhealthy
2024-02-10,Mexico City,56.94,158.48,12.6,136.43,200.51,8.62,Very Unhealthy
2024-02-10,Cairo,248.69,93.99,1.87,152.36,57.45,15.62,Very Unhealthy
2024-02-10,Moscow,81.03,62.79,7.85,197.43,57.45,-6.94,Good
2024-02-11,New York,125.09,62.79,10.27,199.07,57.45,-5.51,Good
2024-02-11,Delhi,242.26,62.79,6.62,18.14,56.39,7.17,Good
2024-02-11,Beijing,237.71,62.79,11.26,112.75,49.21,16.15,Unhealthy
2024-02-11,London,161.3,154.68,12.47,59.01,180.44,38.24,Very Unhealthy
2024-02-11,Tokyo,91.73,299.23,0.4,106.76,180.44,-2.56,Very Unhealthy
2024-02-11,Paris,38.41,223.01,13.97,62.34,87.09,30.04,Good
2024-02-11,Mexico City,154.27,377.96,2.07,113.8,200.13,31.96,Unhealthy
2024-02-11,Cairo,37.38,144.5,9.24,185.44,44.44,44.8,Unhealthy
2024-02-11,Moscow,84.19,56.73,10.86,82.79,214.93,47.04,Moderate
2024-02-12,New York,188.48,165.25,12.38,195.95,249.6,34.57,Unhealthy
2024-02-12,Delhi,43.52,165.25,11.17,195.84,205.16,27.12,Unhealthy
2024-02-12,Beijing,43.52,165.25,6.77,9.87,140.05,36.78,Unhealthy
2024-02-12,London,128.57,231.11,7.73,96.1,60.28,24.44,Hazardous
2024-02-12,Tokyo,156.17,231.11,13.18,172.49,100.97,-0.97,Very Unhealthy
2024-02-12,Sydney,69.89,231.11,11.19,123.46,95.21,-7.38,Good
2024-02-12,Paris,67.6,461.84,7.28,197.98,191.88,-10.0,Good
2024-02-12,Mexico City,212.41,180.39,1.77,180.58,227.64,16.51,Hazardous
2024-02-12,Cairo,178.89,483.13,10.97,8.83,245.5,999.0,Good
2024-02-12,Moscow,123.81,230.91,6.47,128.98,133.6,9.86,Good
2024-02-13,New York,5.14,230.91,0.83,153.58,47.97,-8.53,Unhealthy
2024-02-13,Delhi,271.2,176.16,3.23,181.94,205.32,999.0,Unhealthy
2024-02-13,Beijing,55.55,440.28,1.69,14.19,90.38,26.68,Unhealthy
2024-02-13,London,163.02,220.04,14.65,43.32,218.69,14.64,Unhealthy
2024-02-13,Tokyo,165.37,384.63,5.3,58.69,218.69,31.3,Very Unhealthy
2024-02-13,Sydney,190.77,384.63,2.4,44.15,13.6,40.56,Very Unhealthy
2024-02-13,Mexico City,61.61,207.52,6.21,136.77,246.97,48.8,Very Unhealthy
2024-02-13,Cairo,94.59,303.88,7.94,,246.97,44.77,Hazardous
2024-02-13,Moscow,192.61,348.5,1.17,19.94,110.68,999.0,Good
2024-02-14,New York,144.77,96.57,7.91,16.39,11.31,12.38,Hazardous
2024-02-14,Delhi,144.77,193.72,8.56,18.51,135.84,19.49,Hazardous
2024-02-14,Beijing,144.77,68.51,10.6,176.8,85.52,35.13,Unhealthy
2024-02-14,London,144.77,68.51,3.82,,46.5,999.0,Hazardous
2024-02-14,Tokyo,257.76,171.23,6.14,72.86,128.86,7.91,Hazardous
2024-02-14,Sydney,257.76,440.33,1.9,199.96,133.74,999.0,Good
2024-02-14,Mexico City,241.82,19.62,5.57,151.66,242.4,-8.54,Very Unhealthy
2024-02-14,Cairo,275.22,257.51,10.14,165.98,100.42,999.0,Hazardous
2024-02-14,Moscow,289.13,220.36,4.29,55.75,191.63,999.0,Hazardous
2024-02-15,New York,35.81,313.2,6.85,146.17,66.32,-5.74,Moderate
2024-02-15,Delhi,35.81,313.2,14.91,152.4,138.64,32.43,Moderate
2024-02-15,Beijing,292.62,199.03,1.24,17.33,14.26,-0.62,Moderate
2024-02-15,London,292.62,199.03,4.94,,14.26,38.76,Good
2024-02-15,Tokyo,161.35,257.59,14.06,182.25,104.75,21.93,Unhealthy
2024-02-15,Paris,200.57,357.1,1.58,132.89,184.14,10.35,Hazardous
2024-02-15,Mexico City,171.73,165.05,8.84,,212.84,22.0,Hazardous
2024-02-15,Cairo,171.73,497.97,7.87,142.66,65.59,4.33,Moderate
2024-02-15,Moscow,171.73,410.23,2.96,13.98,110.76,999.0,Moderate
2024-02-16,Delhi,259.97,13.42,6.43,109.69,61.93,-4.47,Unhealthy
2024-02-16,Beijing,259.97,280.09,8.96,,117.66,-3.85,Hazardous
2024-02-16,London,159.28,280.09,10.79,130.13,116.36,9.6,Moderate
2024-02-16,Tokyo,159.28,30.48,14.9,78.66,57.52,999.0,Hazardous
2024-02-16,Sydney,247.28,30.48,2.21,151.75,33.9,999.0,Moderate
2024-02-16,Mexico City,122.34,462.62,4.36,,244.15,16.34,Unhealthy
2024-02-17,New York,11.39,139.37,4.1,39.85,244.63,11.49,Hazardous
2024-02-17,Tokyo,51.96,85.23,1.14,,147.21,21.31,Unhealthy
2024-02-17,Sydney,51.96,414.58,4.77,103.69,159.71,3.5,Unhealthy
2024-02-17,Paris,151.74,443.01,10.41,141.68,190.13,23.67,Moderate
2024-02-17,Moscow,70.54,383.84,3.3,172.21,183.92,999.0,Moderate
2024-02-18,New York,114.33,383.84,0.81,,28.54,29.16,Moderate
2024-02-18,Delhi,182.99,341.51,11.82,56.9,84.75,42.87,Unhealthy
2024-02-18,Beijing,171.18,366.73,7.22,41.38,84.75,27.4,Unhealthy
2024-02-18,London,235.56,366.73,5.75,149.98,211.92,-8.7,Very Unhealthy
2024-02-18,Tokyo,298.73,262.39,8.91,,211.92,42.6,Moderate
2024-02-18,Sydney,275.8,32.8,10.37,148.53,211.92,34.77,Moderate
2024-02-18,Paris,51.14,252.77,10.31,178.22,236.9,11.75,Moderate
2024-02-18,Mexico City,58.11,252.77,7.03,129.45,32.35,-6.5,Hazardous
2024-02-18,Cairo,58.11,146.17,13.38,,120.78,38.89,Very Unhealthy
2024-02-18,Moscow,110.06,146.17,8.67,76.54,58.51,4.81,Moderate
2024-02-19,New York,110.06,64.5,11.84,97.62,58.51,999.0,Unhealthy
2024-02-19,Delhi,39.86,399.87,4.48,18.19,88.57,39.51,Moderate
2024-02-19,London,235.95,192.77,0.59,167.18,108.12,8.79,Moderate
2024-02-19,Tokyo,290.1,341.0,9.66,84.43,69.98,6.83,Very Unhealthy
2024-02-19,Sydney,115.8,314.05,0.36,,82.71,27.07,Unhealthy
2024-02-19,Paris,176.63,450.07,8.71,155.73,108.86,19.43,Hazardous
2024-02-19,Mexico City,234.85,159.31,7.77,132.9,32.31,-8.21,Moderate
2024-02-19,Moscow,188.65,231.59,3.06,85.5,67.56,15.12,Unhealthy
2024-02-20,Delhi,54.09,252.54,9.94,143.66,67.56,39.67,Unhealthy
2024-02-20,Beijing,124.25,252.54,11.84,136.19,224.98,22.23,Moderate
2024-02-20,London,124.25,306.49,1.22,34.54,192.65,999.0,Moderate
2024-02-20,Sydney,27.7,357.27,8.65,80.92,167.79,37.68,Good
2024-02-20,Paris,27.7,357.27,5.81,161.77,68.87,15.4,Good
2024-02-20,Cairo,293.05,336.1,7.17,22.32,36.81,42.42,Good
2024-02-20,Moscow,155.8,457.85,10.69,5.68,223.56,27.73,Good
2024-02-21,New York,155.8,474.45,3.22,34.96,131.31,-5.21,Hazardous
2024-02-21,Delhi,155.8,255.17,7.0,42.76,131.31,13.8,Hazardous
2024-02-21,Beijing,99.07,255.17,12.92,162.65,125.0,2.12,Very Unhealthy
2024-02-21,London,164.88,255.17,7.98,168.42,125.0,39.14,Very Unhealthy
2024-02-21,Tokyo,164.88,442.95,2.96,,64.78,5.33,Good
2024-02-21,Sydney,60.39,328.92,10.57,75.2,119.03,6.56,Very Unhealthy
2024-02-21,Mexico City,143.28,478.02,12.11,57.46,76.8,16.26,Hazardous
2024-02-21,Moscow,84.34,278.13,14.28,177.31,189.7,42.43,Very Unhealthy
2024-02-22,New York,84.34,422.65,4.04,170.43,189.7,35.6,Unhealthy
2024-02-22,Delhi,84.34,68.04,9.17,67.18,96.35,49.74,Very Unhealthy
2024-02-22,Beijing,278.71,311.12,8.8,,42.67,0.36,Good
2024-02-22,London,278.71,202.25,9.1,163.67,150.4,-2.32,Good
2024-02-22,Tokyo,146.65,276.02,10.9,111.31,158.31,-4.94,Good
2024-02-22,Sydney,38.92,223.89,0.26,191.23,87.35,-3.95,Moderate
2024-02-22,Paris,258.16,239.57,5.01,143.57,101.71,999.0,Hazardous
2024-02-22,Mexico City,113.1,107.69,4.36,121.34,180.19,2.48,Hazardous
2024-02-22,Cairo,19.19,281.39,7.14,13.36,233.67,16.78,Very Unhealthy
2024-02-22,Moscow,231.04,281.39,2.3,39.98,150.87,39.2,Hazardous
2024-02-23,New York,189.86,285.35,3.26,51.87,17.35,5.76,Very Unhealthy
2024-02-23,Delhi,158.47,285.35,9.43,,16.51,2.43,Hazardous
2024-02-23,Beijing,249.25,152.53,2.96,19.46,16.51,999.0,Hazardous
2024-02-23,London,249.25,262.78,6.89,165.6,16.51,33.73,Moderate
2024-02-23,Tokyo,242.26,262.78,7.43,174.47,117.77,7.29,Unhealthy
2024-02-23,Sydney,191.3,225.21,3.61,111.51,117.77,38.89,Hazardous
2024-02-23,Paris,191.3,82.22,14.3,188.26,117.77,36.8,Unhealthy
2024-02-23,Mexico City,297.16,82.22,12.08,,119.27,999.0,Good
2024-02-23,Cairo,29.92,50.03,7.87,26.69,94.22,18.34,Moderate
2024-02-23,Moscow,184.02,261.73,7.28,44.98,122.48,46.18,Hazardous
2024-02-24,New York,250.63,102.55,9.66,93.09,122.48,29.85,Unhealthy
2024-02-24,Delhi,213.71,111.0,13.78,78.03,164.75,11.81,Very Unhealthy
2024-02-24,Beijing,185.31,288.22,6.44,59.76,231.07,48.84,Moderate
2024-02-24,London,150.64,288.22,10.34,154.06,73.12,21.83,Moderate
2024-02-24,Tokyo,100.34,288.22,9.21,189.93,73.12,5.53,Hazardous
2024-02-24,Sydney,219.35,448.33,4.24,100.5,34.48,-9.15,Hazardous
2024-02-24,Mexico City,83.88,490.7,11.18,44.21,77.01,25.97,Good
2024-02-24,Cairo,135.98,377.7,11.62,128.08,212.39,47.05,Unhealthy
2024-02-24,Moscow,135.98,111.76,6.16,,54.87,-3.18,Unhealthy
2024-02-25,New York,182.88,411.04,14.47,36.98,83.9,1.72,Unhealthy
2024-02-25,Beijing,236.32,310.29,11.64,79.29,184.36,-4.1,Moderate
2024-02-25,London,279.58,293.33,6.28,22.99,193.01,-2.35,Hazardous
2024-02-25,Tokyo,134.02,293.33,4.83,,139.92,6.52,Good
2024-02-25,Sydney,140.03,293.33,7.04,63.51,139.92,-9.63,Good
2024-02-25,Paris,288.65,149.38,10.52,24.43,134.11,-6.0,Unhealthy
2024-02-25,Mexico City,151.49,480.06,13.61,75.0,224.19,7.3,Unhealthy
2024-02-25,Moscow,75.05,286.89,12.0,45.86,81.6,6.3,Moderate
2024-02-26,New York,210.93,272.28,1.24,69.91,121.19,16.87,Hazardous
2024-02-26,Delhi,201.11,11.41,2.22,111.62,92.48,12.64,Good
2024-02-26,Beijing,201.11,11.41,12.22,192.39,19.36,-3.67,Unhealthy
2024-02-26,London,290.94,246.28,4.62,19.27,156.8,34.84,Very Unhealthy
2024-02-26,Tokyo,200.5,246.28,8.2,112.38,35.43,49.91,Hazardous
2024-02-26,Sydney,200.5,217.78,11.02,27.01,127.27,999.0,Very Unhealthy
2024-02-26,Paris,174.42,130.52,3.54,119.49,127.27,17.84,Unhealthy
2024-02-26,Cairo,32.99,420.68,9.09,73.78,176.76,40.6,Unhealthy
2024-02-26,Moscow,223.9,193.0,0.52,33.44,176.76,17.96,Very Unhealthy
2024-02-27,New York,30.61,496.23,7.59,,216.35,45.78,Very Unhealthy
2024-02-27,Delhi,96.76,203.48,1.13,166.73,137.81,26.37,Unhealthy
2024-02-27,Beijing,257.28,301.05,4.49,75.97,16.17,-5.08,Unhealthy
2024-02-27,London,17.17,192.31,3.56,59.44,94.08,999.0,Moderate
2024-02-27,Tokyo,31.93,372.06,9.22,199.14,119.08,0.48,Moderate
2024-02-27,Sydney,31.93,327.16,12.01,,181.56,999.0,Moderate
2024-02-27,Paris,41.11,276.79,5.28,25.02,181.56,-6.77,Very Unhealthy
2024-02-27,Mexico City,139.91,164.42,11.16,165.29,84.61,-5.22,Moderate
2024-02-27,Moscow,91.44,364.6,1.29,,147.04,49.48,Good
2024-02-28,New York,144.77,390.13,13.25,21.18,201.56,28.54,Unhealthy
2024-02-28,Delhi,71.71,479.86,8.35,117.72,109.22,17.48,Good
2024-02-28,Beijing,50.55,159.79,2.75,101.79,190.15,-0.1,Good
2024-02-28,London,50.55,159.79,8.67,155.65,190.15,-9.3,Hazardous
2024-02-28,Sydney,78.07,28.48,6.93,,234.23,999.0,Moderate
2024-02-28,Paris,187.14,28.48,11.33,103.11,190.52,29.1,Good
2024-02-28,Mexico City,64.07,231.83,13.21,101.21,151.72,999.0,Good
2024-02-28,Cairo,284.17,177.09,12.33,162.74,65.58,19.31,Hazardous
2024-02-28,Moscow,158.18,186.61,10.51,53.34,81.76,26.72,Hazardous
2024-02-29,New York,154.19,113.98,0.62,96.12,70.96,23.62,Hazardous
2024-02-29,Delhi,154.19,425.6,12.78,136.69,213.28,999.0,Very Unhealthy
2024-02-29,Beijing,236.74,496.97,0.47,125.59,141.1,999.0,Moderate
2024-02-29,London,236.74,379.25,2.31,192.31,82.95,43.43,Unhealthy
2024-02-29,Tokyo,236.74,83.53,2.2,145.47,119.06,3.02,Unhealthy
2024-02-29,Sydney,267.9,402.76,4.98,144.6,142.28,32.97,Hazardous
2024-02-29,Paris,189.75,194.12,9.91,,193.3,-9.65,Good
2024-02-29,Mexico City,189.75,194.12,12.12,136.29,12.71,28.91,Moderate
2024-02-29,Cairo,189.75,218.46,12.48,172.36,59.13,7.86,Unhealthy
2024-03-01,New York,293.32,47.87,10.44,56.14,142.68,2.24,Unhealthy
2024-03-01,Delhi,255.91,47.87,3.02,,184.7,45.16,Unhealthy
2024-03-01,Beijing,224.87,47.87,2.41,66.84,249.08,8.23,Moderate
2024-03-01,London,78.53,327.81,7.75,122.24,84.03,-2.81,Good
2024-03-01,Tokyo,195.9,458.18,8.56,,135.79,19.41,Unhealthy
2024-03-01,Sydney,195.9,458.18,14.84,33.42,125.65,20.74,Very Unhealthy
2024-03-01,Paris,248.99,310.16,13.77,103.12,187.89,34.36,Hazardous
2024-03-01,Mexico City,205.51,273.06,3.05,22.87,149.51,999.0,Hazardous
2024-03-01,Cairo,44.41,262.8,11.68,,149.51,43.89,Unhealthy
2024-03-01,Moscow,153.41,63.99,8.49,166.68,242.23,8.51,Very Unhealthy
2024-03-02,New York,153.41,40.0,1.22,144.59,138.21,39.39,Very Unhealthy
2024-03-02,Delhi,52.37,193.08,8.96,,72.26,17.28,Good
2024-03-02,London,261.59,193.08,9.64,177.71,186.54,31.26,Hazardous
2024-03-02,Tokyo,153.66,161.52,2.21,52.27,43.38,10.51,Hazardous
2024-03-02,Paris,288.52,407.68,14.3,112.58,127.29,999.0,Moderate
2024-03-02,Mexico City,238.08,407.68,10.04,169.3,58.86,31.18,Very Unhealthy
2024-03-02,Moscow,270.72,407.68,9.52,25.05,136.87,-3.57,Hazardous
2024-03-03,New York,148.76,408.31,7.18,65.36,195.18,6.1,Good
2024-03-03,Delhi,158.07,358.99,11.31,96.67,21.21,23.44,Unhealthy
2024-03-03,Beijing,272.19,208.79,2.42,97.51,53.68,35.48,Hazardous
2024-03-03,London,33.95,277.84,8.51,14.62,127.52,15.09,Hazardous
2024-03-03,Tokyo,45.96,440.47,13.04,68.72,246.0,31.51,Very Unhealthy
2024-03-03,Sydney,147.14,162.89,9.29,155.21,246.0,14.52,Moderate
2024-03-03,Paris,272.14,369.67,3.89,111.99,133.53,26.09,Hazardous
2024-03-03,Mexico City,272.14,369.67,5.56,81.23,132.35,15.16,Hazardous
2024-03-03,Cairo,272.14,242.99,13.36,31.53,59.89,5.74,Moderate
2024-03-03,Moscow,21.54,482.82,1.64,73.46,175.82,-1.94,Moderate
2024-03-04,New York,233.74,482.82,11.35,189.9,237.46,999.0,Unhealthy
2024-03-04,Delhi,180.8,124.96,14.53,106.36,93.57,19.98,Unhealthy
2024-03-04,Beijing,101.83,442.17,0.17,,21.07,43.3,Unhealthy
2024-03-04,London,143.5,442.17,13.91,103.44,234.04,2.37,Unhealthy
2024-03-04,Tokyo,141.44,105.98,12.13,120.59,137.36,15.62,Good
2024-03-04,Sydney,208.4,344.03,13.65,51.68,221.42,47.47,Hazardous
2024-03-04,Paris,267.28,140.93,8.42,9.05,67.53,7.41,Good
2024-03-04,Mexico City,267.28,84.14,1.77,131.61,173.92,25.13,Moderate
2024-03-04,Cairo,6.52,256.6,10.43,91.73,125.52,38.13,Moderate
2024-03-04,Moscow,6.52,497.66,12.79,40.93,125.52,42.18,Moderate
2024-03-05,New York,259.67,497.66,11.86,,36.74,45.57,Moderate
2024-03-05,Delhi,266.75,355.26,0.23,103.6,238.73,-1.07,Very Unhealthy
2024-03-05,London,42.76,263.82,13.21,101.68,185.82,9.33,Unhealthy
2024-03-05,Tokyo,258.21,477.1,13.64,198.32,55.48,43.48,Unhealthy
2024-03-05,Sydney,40.96,416.63,5.09,109.99,39.04,22.36,Unhealthy
2024-03-05,Paris,92.13,187.32,7.34,,94.5,37.14,Unhealthy
2024-03-05,Mexico City,199.78,308.84,7.34,149.17,156.2,0.35,Moderate
2024-03-05,Cairo,153.16,84.37,11.65,19.49,120.57,47.02,Unhealthy
2024-03-05,Moscow,153.16,84.37,9.91,194.79,166.84,41.01,Unhealthy
2024-03-06,Delhi,196.05,234.58,13.12,168.16,166.84,10.04,Hazardous
2024-03-06,Beijing,44.94,324.59,9.09,,227.32,5.12,Unhealthy
2024-03-06,London,21.5,465.99,0.99,85.68,143.64,999.0,Unhealthy
2024-03-06,Tokyo,21.5,29.2,8.66,153.3,38.53,999.0,Good
2024-03-06,Sydney,21.5,29.2,1.19,,233.03,11.54,Hazardous
2024-03-06,Paris,144.63,333.55,11.78,154.6,104.42,30.83,Good
2024-03-06,Mexico City,88.42,65.95,8.59,157.01,73.06,-8.6,Good
2024-03-06,Cairo,73.62,65.95,4.42,91.76,212.21,-8.01,Very Unhealthy
2024-03-06,Moscow,12.01,135.68,3.92,190.73,19.77,44.56,Very Unhealthy
2024-03-07,New York,233.68,463.99,12.44,51.94,221.45,42.03,Good
2024-03-07,Delhi,101.49,463.99,7.56,155.4,111.03,999.0,Very Unhealthy
2024-03-07,Beijing,146.29,207.72,12.29,80.39,130.43,-3.18,Very Unhealthy
2024-03-07,London,10.56,207.72,0.57,50.43,238.69,15.29,Very Unhealthy
2024-03-07,Tokyo,138.71,208.32,0.6,155.57,123.35,-2.62,Unhealthy
2024-03-07,Sydney,86.02,425.8,6.97,131.79,228.1,38.06,Very Unhealthy
2024-03-07,Paris,139.81,262.24,9.12,144.65,246.39,18.01,Very Unhealthy
2024-03-07,Cairo,89.7,253.1,13.24,,127.57,17.88,Very Unhealthy
2024-03-07,Moscow,170.63,82.7,6.12,165.32,127.57,20.24,Moderate
2024-03-08,New York,38.03,82.7,4.63,7.99,145.29,999.0,Very Unhealthy
2024-03-08,Delhi,103.84,343.55,2.66,21.68,52.64,0.32,Good
2024-03-08,Beijing,188.76,498.12,11.52,160.15,57.37,33.14,Hazardous
2024-03-08,London,163.93,183.97,8.94,114.68,233.62,999.0,Hazardous
2024-03-08,Tokyo,163.93,183.97,0.45,45.62,143.56,6.96,Moderate
2024-03-08,Sydney,269.12,386.46,9.5,145.82,234.34,35.75,Unhealthy
2024-03-08,Paris,284.61,285.11,5.34,99.88,131.26,40.07,Very Unhealthy
2024-03-08,Mexico City,189.99,495.81,11.95,81.77,173.03,14.53,Very Unhealthy
2024-03-08,Cairo,20.96,288.29,12.42,11.56,222.48,11.18,Very Unhealthy
2024-03-08,Moscow,168.43,499.43,5.71,76.83,243.63,-8.47,Moderate
2024-03-09,New York,264.0,499.43,5.51,128.34,193.1,2.45,Hazardous
2024-03-09,Delhi,264.0,494.54,5.92,35.24,235.57,999.0,Hazardous
2024-03-09,Beijing,152.28,110.91,8.63,31.68,235.57,43.34,Hazardous
2024-03-09,Tokyo,185.22,484.89,8.92,177.35,61.89,48.63,Very Unhealthy
2024-03-09,Sydney,185.22,123.97,5.69,28.85,89.84,31.31,Very Unhealthy
2024-03-09,Paris,53.01,126.07,9.66,72.67,190.29,25.12,Very Unhealthy
2024-03-09,Mexico City,236.86,483.59,7.7,32.08,54.13,11.72,Very Unhealthy
2024-03-09,Cairo,91.2,233.35,6.55,113.69,105.76,22.06,Moderate
2024-03-09,Moscow,173.46,233.35,3.04,83.55,106.51,28.4,Hazardous
2024-03-10,Delhi,70.48,103.72,2.66,81.29,39.25,34.73,Hazardous
2024-03-10,Beijing,81.08,17.46,2.99,12.31,236.11,-8.8,Good
2024-03-10,London,223.11,487.52,2.49,81.21,128.67,47.13,Hazardous
2024-03-10,Tokyo,222.68,350.66,2.3,70.82,128.67,31.1,Hazardous
2024-03-10,Sydney,238.77,83.53,6.58,133.94,128.67,34.06,Unhealthy
2024-03-10,Paris,233.96,68.2,2.39,145.91,240.42,31.49,Very Unhealthy
2024-03-10,Mexico City,68.86,399.98,7.84,71.53,43.79,38.04,Moderate
2024-03-10,Cairo,257.82,131.29,4.52,95.08,132.22,19.41,Hazardous
2024-03-11,New York,28.42,265.26,6.48,,123.31,20.89,Hazardous
2024-03-11,London,287.49,370.4,9.05,35.41,16.58,2.18,Moderate
2024-03-11,Tokyo,69.58,370.4,8.59,5.58,199.06,25.32,Moderate
2024-03-11,Paris,32.95,345.22,5.88,187.46,187.34,999.0,Unhealthy
2024-03-11,Mexico City,209.31,116.3,8.97,176.01,203.69,20.76,Unhealthy
2024-03-11,Moscow,142.03,236.78,11.1,,164.52,999.0,Moderate
2024-03-12,New York,29.0,11.0,7.77,95.7,164.18,30.23,Moderate
2024-03-12,Delhi,29.0,449.73,10.92,,13.02,41.58,Good
2024-03-12,Beijing,16.66,368.84,2.84,171.73,44.35,22.16,Hazardous
2024-03-12,London,16.66,368.84,13.57,77.97,55.46,20.8,Hazardous
2024-03-12,Tokyo,105.86,68.47,8.11,188.99,32.55,40.8,Unhealthy
2024-03-12,Sydney,131.83,121.61,9.51,136.58,193.77,43.09,Good
2024-03-12,Paris,80.92,121.61,9.22,139.57,57.35,999.0,Unhealthy
2024-03-12,Moscow,41.72,166.73,2.46,,173.96,7.55,Very Unhealthy
2024-03-13,New York,286.2,166.73,4.75,111.79,170.77,28.47,Very Unhealthy
2024-03-13,Delhi,120.46,166.73,5.93,119.16,164.43,3.16,Very Unhealthy
2024-03-13,Beijing,145.38,166.73,12.93,180.35,141.9,1.56,Moderate
2024-03-13,London,145.38,166.73,8.11,167.55,141.9,46.25,Unhealthy
2024-03-13,Tokyo,193.34,418.22,10.1,117.46,248.61,999.0,Unhealthy
2024-03-13,Sydney,104.39,373.21,6.38,135.08,212.74,28.67,Moderate
2024-03-13,Paris,133.97,228.34,2.52,21.34,27.88,-6.39,Very Unhealthy
2024-03-13,Cairo,158.56,475.2,9.67,,18.81,27.85,Unhealthy
2024-03-13,Moscow,289.9,475.2,13.47,148.26,102.85,17.9,Unhealthy
2024-03-14,New York,187.51,475.2,13.79,195.86,180.26,30.83,Unhealthy
2024-03-14,Delhi,106.71,197.5,11.93,154.39,146.61,3.46,Unhealthy
2024-03-14,Beijing,121.36,35.13,8.15,,128.98,999.0,Good
2024-03-14,London,11.12,317.87,12.12,138.55,128.98,48.53,Very Unhealthy
2024-03-14,Tokyo,174.49,64.21,6.35,124.8,155.98,-6.45,Good
2024-03-14,Sydney,135.81,64.21,9.4,20.04,217.05,999.0,Moderate
2024-03-14,Paris,207.02,114.71,7.78,96.48,115.6,16.25,Hazardous
2024-03-14,Mexico City,194.73,114.71,0.96,169.59,118.77,35.56,Hazardous
2024-03-14,Cairo,243.25,283.49,8.55,29.3,24.03,-0.15,Hazardous
2024-03-14,Moscow,101.59,107.47,14.22,160.02,130.09,3.82,Moderate
2024-03-15,New York,252.3,422.02,0.8,183.44,135.39,45.78,Moderate
2024-03-15,Delhi,26.83,410.3,8.43,150.41,135.39,5.84,Very Unhealthy
2024-03-15,Tokyo,119.59,304.45,14.55,53.98,172.84,48.17,Moderate
2024-03-15,Sydney,199.75,408.5,5.77,27.4,172.84,42.14,Hazardous
2024-03-15,Paris,248.63,100.69,4.05,6.42,73.51,0.53,Hazardous
2024-03-15,Mexico City,248.63,88.31,3.56,11.04,212.2,999.0,Very Unhealthy
2024-03-15,Cairo,113.16,88.31,12.84,174.19,19.62,41.73,Very Unhealthy
2024-03-15,Moscow,69.86,247.79,9.72,53.13,169.43,-0.06,Moderate
2024-03-16,Beijing,259.61,432.58,7.26,,25.85,7.9,Hazardous
2024-03-16,Tokyo,287.99,216.29,2.9,188.42,223.28,13.94,Moderate
2024-03-16,Sydney,215.54,431.16,8.41,124.54,131.51,2.58,Hazardous
2024-03-16,Paris,139.08,357.01,7.53,34.1,231.1,2.47,Unhealthy
2024-03-16,Mexico City,137.07,270.75,7.54,182.8,198.44,999.0,Hazardous
2024-03-16,Moscow,137.07,270.75,4.14,40.62,104.14,-1.98,Good
2024-03-17,New York,93.12,499.15,4.94,190.56,230.41,11.21,Good
2024-03-17,Delhi,70.63,171.51,3.64,139.46,71.54,46.2,Good
2024-03-17,Beijing,70.63,367.79,5.85,13.79,88.69,32.64,Very Unhealthy
2024-03-17,London,237.29,145.27,6.44,109.25,199.8,999.0,Unhealthy
2024-03-17,Tokyo,237.29,300.08,0.23,16.81,236.9,-7.7,Unhealthy
2024-03-17,Sydney,255.23,252.07,6.83,177.89,219.5,8.48,Unhealthy
2024-03-17,Paris,78.48,252.07,10.2,78.96,76.23,999.0,Unhealthy
2024-03-17,Cairo,93.31,423.71,0.3,113.82,247.48,49.25,Unhealthy
2024-03-17,Moscow,60.17,423.71,6.14,82.44,103.59,20.63,Hazardous
2024-03-18,New York,181.52,423.71,7.85,193.96,142.55,22.17,Unhealthy
2024-03-18,Delhi,86.76,423.71,6.84,114.1,29.93,-6.65,Very Unhealthy
2024-03-18,Beijing,86.76,195.76,5.01,66.07,87.8,-1.27,Hazardous
2024-03-18,London,203.3,192.71,12.0,106.63,220.02,30.39,Unhealthy
2024-03-18,Tokyo,63.36,197.59,4.58,72.84,105.81,11.55,Very Unhealthy
2024-03-18,Sydney,196.77,26.5,3.39,186.75,142.07,7.31,Very Unhealthy
2024-03-18,Paris,140.11,242.21,14.56,32.66,142.07,999.0,Unhealthy
2024-03-18,Cairo,248.0,26.27,7.48,104.34,46.71,37.1,Hazardous
2024-03-18,Moscow,161.25,215.29,7.22,,46.71,43.73,Good
2024-03-19,Delhi,268.63,306.46,4.01,8.76,69.94,16.55,Hazardous
2024-03-19,Beijing,56.34,315.62,1.46,37.08,238.04,13.75,Hazardous
2024-03-19,London,56.34,311.66,13.48,109.09,157.43,35.64,Unhealthy
2024-03-19,Tokyo,177.48,73.53,8.43,183.47,200.4,999.0,Unhealthy
2024-03-19,Sydney,259.26,73.53,11.15,71.68,149.54,28.81,Good
2024-03-19,Paris,58.28,183.8,7.04,13.92,129.65,-3.72,Unhealthy
2024-03-19,Mexico City,67.26,440.21,5.66,88.39,129.65,23.32,Unhealthy
2024-03-19,Cairo,65.9,243.83,11.07,105.97,192.27,999.0,Unhealthy
2024-03-20,New York,147.61,108.8,2.44,169.57,161.83,0.24,Very Unhealthy
2024-03-20,Delhi,219.11,108.8,11.11,21.62,150.94,2.65,Very Unhealthy
2024-03-20,Beijing,45.06,108.8,13.25,199.25,69.48,18.87,Very Unhealthy
2024-03-20,London,95.13,151.28,4.43,7.28,245.14,999.0,Moderate
2024-03-20,Tokyo,293.11,108.36,11.98,198.06,82.24,23.68,Hazardous
2024-03-20,Sydney,61.62,108.36,5.07,116.52,176.71,34.85,Hazardous
2024-03-20,Paris,199.86,108.36,11.83,,202.75,3.7,Hazardous
2024-03-20,Mexico City,106.75,370.78,3.11,,177.83,-8.91,Moderate
2024-03-20,Cairo,252.07,164.66,1.97,132.32,177.83,-3.06,Moderate
2024-03-20,Moscow,56.78,482.64,13.69,,234.72,-5.1,Moderate
2024-03-21,New York,56.78,388.03,14.32,26.04,234.72,27.46,Moderate
2024-03-21,Delhi,67.31,337.96,7.84,179.45,234.72,40.72,Good
2024-03-21,Beijing,263.41,437.21,9.67,113.15,198.31,13.65,Very Unhealthy
2024-03-21,London,263.41,279.86,9.99,98.98,86.24,26.28,Unhealthy
2024-03-21,Tokyo,105.55,322.83,3.22,105.62,214.83,42.41,Moderate
2024-03-21,Paris,225.61,19.29,12.54,164.28,144.46,14.44,Very Unhealthy
2024-03-21,Mexico City,279.63,19.29,7.69,,33.38,45.02,Very Unhealthy
2024-03-21,Cairo,279.63,166.22,8.17,82.21,33.38,6.28,Moderate
2024-03-22,New York,268.11,485.18,12.27,21.82,224.48,6.22,Good
2024-03-22,Delhi,202.12,497.28,14.88,199.24,246.5,0.92,Moderate
2024-03-22,Beijing,182.8,103.1,14.29,59.75,55.24,0.77,Hazardous
2024-03-22,London,39.99,100.54,4.46,78.94,15.27,999.0,Hazardous
2024-03-22,Tokyo,31.91,102.31,13.25,192.39,202.57,999.0,Very Unhealthy
2024-03-22,Sydney,117.38,377.49,3.23,115.24,147.04,999.0,Hazardous
2024-03-22,Paris,292.81,72.09,0.28,46.67,230.29,15.96,Hazardous
2024-03-22,Cairo,103.08,117.77,9.09,20.95,157.45,13.13,Unhealthy
2024-03-22,Moscow,235.18,337.24,5.54,186.62,158.02,8.23,Unhealthy
2024-03-23,New York,235.18,15.75,0.58,69.09,52.81,999.0,Hazardous
2024-03-23,Delhi,55.78,15.75,2.73,81.1,52.81,-1.31,Moderate
2024-03-23,Beijing,112.36,111.0,4.92,64.11,52.52,44.92,Good
2024-03-23,London,169.85,357.56,4.48,39.12,29.05,-5.21,Unhealthy
2024-03-23,Tokyo,223.81,357.56,8.01,26.86,29.05,5.9,Unhealthy
2024-03-23,Sydney,268.01,123.83,11.93,125.72,19.94,-7.8,Unhealthy
2024-03-23,Paris,268.01,87.93,3.67,128.46,220.49,28.3,Hazardous
2024-03-23,Mexico City,110.15,87.93,5.56,157.17,106.83,3.43,Hazardous
2024-03-23,Cairo,167.45,87.93,3.84,67.12,141.78,999.0,Unhealthy
2024-03-23,Moscow,167.45,413.01,12.01,150.87,167.61,4.64,Good
2024-03-24,New York,198.16,493.55,3.33,179.88,230.97,5.96,Moderate
2024-03-24,Delhi,232.3,66.45,9.6,111.17,80.39,46.22,Moderate
2024-03-24,Beijing,232.3,452.77,4.66,54.71,70.16,999.0,Hazardous
2024-03-24,London,267.39,173.45,13.84,104.15,27.52,30.49,Good
2024-03-24,Tokyo,123.5,367.92,14.49,154.0,44.11,36.16,Unhealthy
2024-03-24,Paris,167.58,494.35,2.9,54.48,30.11,999.0,Very Unhealthy
2024-03-24,Mexico City,230.79,87.11,6.16,113.92,30.11,5.66,Very Unhealthy
2024-03-24,Cairo,52.63,261.74,2.99,78.8,30.11,45.86,Very Unhealthy
2024-03-24,Moscow,294.96,98.47,11.78,49.33,97.53,-9.36,Moderate
2024-03-25,New York,143.74,293.47,9.06,198.63,27.43,3.9,Hazardous
2024-03-25,Delhi,238.53,41.93,7.14,174.76,27.43,19.11,Unhealthy
2024-03-25,Beijing,115.41,151.05,0.24,62.25,113.87,15.39,Good
2024-03-25,London,156.04,186.65,11.01,114.2,58.91,-3.86,Hazardous
2024-03-25,Tokyo,108.33,186.65,14.64,165.42,79.08,4.04,Hazardous
2024-03-25,Paris,191.2,292.49,1.0,131.93,111.55,2.26,Hazardous
2024-03-25,Mexico City,213.85,268.45,4.06,55.58,111.55,10.23,Very Unhealthy
2024-03-25,Cairo,213.85,179.56,9.11,192.92,90.3,24.13,Very Unhealthy
2024-03-25,Moscow,213.85,367.58,10.12,135.52,61.76,42.26,Good
2024-03-26,New York,12.2,491.0,8.32,114.95,224.59,999.0,Moderate
2024-03-26,Delhi,121.55,312.92,0.67,56.23,36.91,38.07,Unhealthy
2024-03-26,Beijing,109.73,254.33,5.17,12.51,69.79,-6.61,Moderate
2024-03-26,London,256.08,380.65,7.35,,236.52,26.74,Unhealthy
2024-03-26,Sydney,197.81,416.71,0.65,,151.41,16.4,Good
2024-03-26,Paris,15.19,333.44,6.64,189.93,131.47,40.63,Hazardous
2024-03-26,Mexico City,293.03,380.88,15.0,34.78,219.83,2.91,Moderate
2024-03-26,Cairo,269.68,446.52,6.4,,16.94,15.15,Hazardous
2024-03-26,Moscow,269.68,144.94,8.88,126.35,102.37,2.66,Hazardous
2024-03-27,New York,72.38,247.67,2.51,36.22,36.1,14.16,Moderate
2024-03-27,Delhi,280.23,404.27,2.1,41.6,207.48,11.39,Good
2024-03-27,Beijing,135.0,169.21,9.61,48.03,32.5,16.71,Good
2024-03-27,Tokyo,136.75,409.19,12.49,189.64,24.36,27.63,Good
2024-03-27,Sydney,180.02,33.63,6.51,116.0,195.24,-3.32,Good
2024-03-27,Paris,280.0,377.82,6.05,152.92,67.13,25.18,Good
2024-03-27,Mexico City,37.96,449.42,14.45,,131.07,9.76,Hazardous
2024-03-27,Cairo,25.29,365.32,7.02,91.66,177.42,26.16,Hazardous
2024-03-27,Moscow,275.45,62.36,7.54,86.03,177.42,999.0,Moderate
2024-03-28,Beijing,212.62,125.22,12.15,99.81,221.34,27.68,Good
2024-03-28,London,212.62,99.59,6.69,27.19,212.98,15.59,Unhealthy
2024-03-28,Tokyo,197.3,99.59,0.5,39.94,45.98,18.85,Unhealthy
2024-03-28,Sydney,170.63,305.03,12.98,100.52,59.57,-1.36,Unhealthy
2024-03-28,Paris,170.63,426.01,13.6,,63.24,39.73,Moderate
2024-03-28,Mexico City,211.72,29.72,6.91,171.42,115.07,36.57,Moderate
2024-03-28,Cairo,17.65,136.9,6.84,38.47,43.68,34.49,Hazardous
2024-03-28,Moscow,102.1,250.73,2.95,129.26,232.75,28.85,Hazardous
2024-03-29,New York,163.46,282.51,3.63,151.67,59.89,31.23,Moderate
2024-03-29,Delhi,148.33,83.02,1.3,120.95,228.62,37.89,Good
2024-03-29,Beijing,234.67,77.0,11.21,179.63,229.42,21.0,Good
2024-03-29,London,270.65,349.51,3.19,,176.73,-0.53,Good
2024-03-29,Tokyo,47.88,376.13,9.1,65.36,175.55,35.75,Very Unhealthy
2024-03-29,Sydney,136.46,376.62,2.25,134.87,107.72,44.5,Hazardous
2024-03-29,Paris,125.47,207.1,11.94,157.21,195.09,32.98,Unhealthy
2024-03-29,Mexico City,294.59,274.22,9.98,155.85,220.88,35.3,Unhealthy
2024-03-29,Cairo,159.53,274.22,10.16,18.19,235.32,31.11,Moderate
2024-03-29,Moscow,162.5,274.22,13.3,176.55,160.79,9.23,Unhealthy
2024-03-30,New York,22.77,249.74,5.5,117.23,221.74,-3.64,Hazardous
2024-03-30,Delhi,193.83,498.79,10.47,67.2,17.22,39.37,Good
2024-03-30,London,185.86,386.87,1.51,110.72,207.51,999.0,Hazardous
2024-03-30,Tokyo,185.86,157.92,12.03,39.87,131.72,2.94,Moderate
2024-03-30,Sydney,179.39,218.49,3.33,,153.44,28.04,Moderate
2024-03-30,Paris,48.58,211.57,12.33,158.54,45.39,0.24,Moderate
2024-03-30,Mexico City,48.58,488.15,14.86,143.58,218.81,8.03,Moderate
2024-03-30,Cairo,265.73,410.77,7.59,183.6,169.91,48.26,Moderate
2024-03-30,Moscow,118.34,410.77,3.44,47.84,166.83,47.3,Very Unhealthy
2024-03-31,New York,226.67,387.22,9.25,160.87,139.1,5.2,Good
2024-03-31,Delhi,103.76,387.22,8.68,110.82,128.53,24.61,Good
2024-03-31,London,274.44,353.38,5.41,73.14,21.38,999.0,Hazardous
2024-03-31,Tokyo,175.03,129.24,14.54,104.53,74.11,6.74,Hazardous
2024-03-31,Sydney,104.0,380.26,3.95,109.76,46.93,999.0,Very Unhealthy
2024-03-31,Paris,104.0,263.28,6.29,123.63,60.03,3.1,Very Unhealthy
2024-03-31,Mexico City,104.0,55.9,12.51,20.68,229.89,999.0,Moderate
2024-03-31,Cairo,202.34,55.9,2.63,110.01,211.02,10.23,Unhealthy
2024-03-31,Moscow,89.97,378.06,8.77,117.38,228.67,38.66,Hazardous
2024-04-01,New York,186.34,193.04,2.12,156.51,227.77,21.87,Very Unhealthy
2024-04-01,Delhi,224.87,378.18,9.71,118.65,195.74,999.0,Unhealthy
2024-04-01,Beijing,144.86,26.82,6.06,168.27,131.01,999.0,Very Unhealthy
2024-04-01,London,144.86,226.26,9.24,124.22,181.62,999.0,Very Unhealthy
2024-04-01,Tokyo,152.39,201.04,14.27,24.3,181.62,44.41,Hazardous
2024-04-01,Mexico City,215.08,109.72,9.41,26.42,171.44,-4.06,Unhealthy
2024-04-01,Moscow,130.87,191.0,13.91,159.44,160.97,-9.94,Unhealthy
2024-04-02,New York,84.83,342.66,2.89,179.8,209.38,18.72,Moderate
2024-04-02,Delhi,221.53,465.92,11.45,142.97,104.5,41.29,Hazardous
2024-04-02,London,33.79,439.91,0.62,122.69,123.92,-2.22,Very Unhealthy
2024-04-02,Tokyo,296.96,273.01,1.75,147.04,167.45,5.9,Unhealthy
2024-04-02,Sydney,180.66,273.01,10.84,195.98,148.49,-6.18,Hazardous
2024-04-02,Cairo,297.83,21.42,6.09,,228.78,26.4,Unhealthy
2024-04-02,Moscow,32.38,218.92,10.8,67.92,178.86,14.27,Hazardous
2024-04-03,New York,54.01,261.75,8.4,169.11,166.46,0.49,Moderate
2024-04-03,Delhi,230.95,90.17,0.42,148.03,56.98,-3.98,Moderate
2024-04-03,Beijing,183.23,42.16,8.62,98.54,138.16,11.75,Moderate
2024-04-03,London,76.37,306.06,2.85,46.32,77.31,8.34,Moderate
2024-04-03,Tokyo,76.37,306.06,13.22,80.92,77.07,9.48,Good
2024-04-03,Sydney,249.93,472.48,14.4,115.36,91.81,3.39,Good
2024-04-03,Paris,253.44,338.96,12.92,22.33,94.72,44.06,Good
2024-04-03,Cairo,105.97,260.09,0.67,,170.14,-1.02,Very Unhealthy
2024-04-03,Moscow,158.99,321.07,13.35,17.96,135.26,42.94,Moderate
2024-04-04,New York,33.0,125.63,0.15,44.25,112.89,22.46,Very Unhealthy
2024-04-04,Delhi,289.58,468.97,7.84,131.39,237.29,24.87,Very Unhealthy
2024-04-04,Beijing,271.36,468.97,4.47,158.12,237.29,36.88,Good
2024-04-04,London,201.44,127.88,0.42,,229.39,42.92,Hazardous
2024-04-04,Tokyo,56.9,482.65,1.06,109.02,229.39,38.03,Very Unhealthy
2024-04-04,Sydney,169.39,482.65,4.55,69.32,104.89,45.82,Unhealthy
2024-04-04,Paris,20.6,254.4,12.54,66.46,104.89,37.78,Hazardous
2024-04-04,Mexico City,200.51,439.8,2.43,8.62,246.24,46.81,Good
2024-04-04,Moscow,282.77,144.3,4.69,21.43,73.06,4.82,Very Unhealthy
2024-04-05,New York,30.67,290.99,11.68,164.27,153.99,-1.09,Hazardous
2024-04-05,Delhi,192.35,34.83,5.12,,34.1,33.07,Hazardous
2024-04-05,Beijing,272.86,34.83,5.13,137.28,207.77,16.93,Very Unhealthy
2024-04-05,London,297.61,383.13,3.29,177.01,193.9,-0.85,Good
2024-04-05,Tokyo,24.53,456.17,5.33,,219.28,23.79,Hazardous
2024-04-05,Sydney,185.87,30.31,10.94,79.36,79.05,999.0,Good
2024-04-05,Cairo,82.14,350.55,13.72,110.93,127.95,40.67,Moderate
2024-04-05,Moscow,274.54,429.32,3.11,24.12,242.83,28.03,Good
2024-04-06,New York,129.3,429.32,10.6,165.35,189.4,38.32,Moderate
2024-04-06,Delhi,200.55,135.68,14.4,55.84,22.39,-2.78,Unhealthy
2024-04-06,Beijing,278.6,120.92,2.47,130.34,56.77,-9.65,Moderate
2024-04-06,London,278.6,205.9,0.47,138.12,66.89,-5.78,Moderate
2024-04-06,Tokyo,278.6,178.24,8.17,90.69,86.68,19.8,Very Unhealthy
2024-04-06,Sydney,210.19,189.8,11.89,21.39,177.83,2.65,Very Unhealthy
2024-04-06,Paris,87.28,189.8,1.86,36.19,177.83,16.16,Very Unhealthy
2024-04-06,Cairo,156.89,457.61,9.72,111.05,82.17,5.24,Hazardous
2024-04-06,Moscow,12.65,49.03,1.94,141.97,206.69,-4.45,Hazardous
2024-04-07,Delhi,70.82,352.05,1.62,153.84,118.27,49.85,Moderate
2024-04-07,Beijing,5.46,203.28,1.35,138.22,59.14,14.73,Moderate
2024-04-07,London,30.27,249.12,13.22,141.71,166.06,999.0,Hazardous
2024-04-07,Tokyo,273.43,482.8,14.39,182.2,85.39,25.82,Good
2024-04-07,Sydney,280.15,345.64,2.86,,205.98,24.16,Good
2024-04-07,Paris,136.03,474.6,12.69,18.61,189.43,35.15,Good
2024-04-07,Mexico City,186.06,57.68,4.15,5.25,72.37,8.92,Very Unhealthy
2024-04-07,Cairo,275.39,57.68,6.21,56.44,163.97,999.0,Very Unhealthy
2024-04-07,Moscow,227.29,57.68,7.74,188.07,74.77,7.62,Good
2024-04-08,New York,227.29,479.22,5.39,29.32,62.42,26.66,Good
2024-04-08,Beijing,145.84,479.22,11.71,19.25,207.82,14.82,Moderate
2024-04-08,London,136.13,479.22,13.6,162.27,107.97,-7.28,Very Unhealthy
2024-04-08,Tokyo,111.57,457.05,3.72,111.35,107.97,999.0,Unhealthy
2024-04-08,Sydney,163.72,388.56,5.73,,107.97,-6.79,Very Unhealthy
2024-04-08,Paris,115.67,368.79,8.75,40.42,153.52,5.84,Good
2024-04-08,Mexico City,273.41,82.97,7.91,170.95,120.54,-8.08,Good
2024-04-08,Cairo,147.88,321.27,1.05,21.08,23.65,30.04,Good
2024-04-08,Moscow,147.88,198.62,8.83,,23.65,40.1,Good
2024-04-09,New York,199.83,61.66,3.65,27.61,192.26,999.0,Good
2024-04-09,Delhi,214.98,152.78,7.64,55.69,219.02,-0.69,Very Unhealthy
2024-04-09,Beijing,125.95,447.34,7.01,64.82,198.53,-1.09,Very Unhealthy
2024-04-09,London,110.9,169.02,2.5,128.15,130.42,42.17,Unhealthy
2024-04-09,Tokyo,110.9,169.02,11.46,158.82,19.75,35.42,Good
2024-04-09,Sydney,279.45,186.11,12.81,169.62,157.97,0.8,Moderate
2024-04-09,Paris,279.45,67.37,6.1,148.62,157.97,30.45,Moderate
2024-04-09,Cairo,107.97,397.08,0.44,178.35,143.68,12.73,Good
2024-04-09,Moscow,28.27,396.8,12.26,125.46,96.93,45.68,Hazardous
